Algorithm,% Gap in A-n32-k05,% Gap in A-n36-k05,% Gap in A-n44-k06,% Gap in A-n60-k09,% Gap in A-n69-k09,Avg % Gap
GA,0.0531986014251862,0.0626770407478386,0.06856464465772005,0.12324702957874774,0.14306581014844974,0.09938863128318903
GASI,0.08082505869241363,0.0836552649301477,0.10704515329420855,0.18336178047670718,0.16582694217384092,0.1349722852187261
